<?xml version="1.0" encoding="UTF-8"?>
<project-private xmlns="http://www.netbeans.org/ns/project-private/1">
    <editor-bookmarks xmlns="http://www.netbeans.org/ns/editor-bookmarks/2" lastBookmarkId="0"/>
    <open-files xmlns="http://www.netbeans.org/ns/projectui-open-files/2">
        <group>
            <file>file:/C:/Users/TBC/Documents/NetBeansProjects/demo_du_an/src/Services/ThongKeServices.java</file>
            <file>file:/C:/Users/TBC/Documents/NetBeansProjects/demo_du_an/src/Views/DangNhapForm.java</file>
            <file>file:/C:/Users/TBC/Documents/NetBeansProjects/demo_du_an/src/Repositories/NhanVienRepository.java</file>
            <file>file:/C:/Users/TBC/Documents/NetBeansProjects/demo_du_an/src/Services/impl/ThongKeServicesImpl.java</file>
            <file>file:/C:/Users/TBC/Documents/NetBeansProjects/demo_du_an/src/Views/DangKyForm.java</file>
            <file>file:/C:/Users/TBC/Documents/NetBeansProjects/demo_du_an/src/Views/BanHangForm.java</file>
            <file>file:/C:/Users/TBC/Documents/NetBeansProjects/demo_du_an/src/Views/QuanLyFrame.java</file>
            <file>file:/C:/Users/TBC/Documents/NetBeansProjects/demo_du_an/src/Views/SendGmail.java</file>
            <file>file:/C:/Users/TBC/Documents/NetBeansProjects/demo_du_an/src/Views/NhanVienForm.java</file>
            <file>file:/C:/Users/TBC/Documents/NetBeansProjects/demo_du_an/src/Views/ThongKe.java</file>
            <file>file:/C:/Users/TBC/Documents/NetBeansProjects/demo_du_an/src/Repositories/ChucVuRepository.java</file>
            <file>file:/C:/Users/TBC/Documents/NetBeansProjects/demo_du_an/src/Application/Main.java</file>
        </group>
    </open-files>
</project-private>
